,Job,Create,Start
0,a01,2023-10-16 06:48:02,2023-10-16 06:48:50
1,a02,2023-10-16 07:02:21,2023-10-16 07:02:21
2,a03,2023-10-16 07:02:40,2023-10-16 07:02:41
3,a04,2023-10-16 06:53:04,2023-10-16 06:53:58
4,a05,2023-10-16 06:50:17,2023-10-16 06:50:58
5,b01,2023-10-16 06:57:26,2023-10-16 06:57:27
6,b02,2023-10-16 06:43:34,2023-10-16 06:43:34
7,b03,2023-10-16 06:47:21,2023-10-16 06:47:21
8,b04,2023-10-16 06:54:07,2023-10-16 06:54:07
9,b05,2023-10-16 06:49:05,2023-10-16 06:49:33
10,c01,2023-10-16 06:51:21,2023-10-16 06:51:21
11,c02,2023-10-16 06:52:11,2023-10-16 06:52:11
12,c03,2023-10-16 06:44:19,2023-10-16 06:44:19
13,c04,2023-10-16 06:58:27,2023-10-16 06:59:51
14,c05,2023-10-16 06:57:10,2023-10-16 06:57:10
15,c06,2023-10-16 06:45:17,2023-10-16 06:45:17
16,c07,2023-10-16 07:02:28,2023-10-16 07:02:30
17,c08,2023-10-16 06:46:14,2023-10-16 06:46:14
18,c09,2023-10-16 07:00:03,2023-10-16 07:02:12
19,c10,2023-10-16 06:55:11,2023-10-16 06:56:55
